{
  "summary": {
    "total_executions": 50,
    "kv_cache_hit_rate": {
      "average": 0.8166244852636149,
      "target": 0.8,
      "meets_target": true
    },
    "context_utilization": {
      "mean": 0.6942958641892019,
      "median": 0.7115819750775567,
      "min": 0.5026070330653019,
      "max": 0.8936542155178724,
      "p95": 0.8829842636927137,
      "in_target_range_pct": 42.0,
      "target_range": "60-80%"
    },
    "latency": {
      "mean_ms": 1687.3140233507643,
      "median_ms": 1667.1705753067877,
      "min_ms": 510.5163560721441,
      "max_ms": 2996.463356231674,
      "p95_ms": 2951.860407635296,
      "p99_ms": 2996.463356231674
    },
    "tokens_generated": {
      "total": 15353,
      "average": 307.06
    }
  },
  "export_timestamp": 1770514160.4343255
}